id,observed_on_string,observed_on,time_observed_at,time_zone,user_id,user_login,created_at,updated_at,quality_grade,license,url,image_url,sound_url,tag_list,description,num_identification_agreements,num_identification_disagreements,captive_cultivated,oauth_application_id,place_guess,latitude,longitude,positional_accuracy,private_place_guess,private_latitude,private_longitude,private_positional_accuracy,geoprivacy,taxon_geoprivacy,coordinates_obscured,positioning_method,positioning_device,species_guess,scientific_name,common_name,iconic_taxon_name,taxon_id
9596577,Wed Jan 24 2018 14:13:19 GMT+0800 (GMT+8),2018-01-24,2018-01-24 06:13:19 UTC,Australia/Perth,597092,dearclarissa,2018-01-24 06:13:45 UTC,2018-11-13 08:49:03 UTC,research,,https://www.inaturalist.org/observations/9596577,https://static.inaturalist.org/photos/13093191/medium.jpg?1516774429,,"",,1,0,false,3,"Jiangong 1st Road, East District, Taiwan, TW",24.8028427127,120.9930659561,48,,,,,,,false,,,Rue,Ruta graveolens,臭草,Plantae,147294
20873819,Sat Mar 02 2019 17:47:13 GMT+0800 (GMT+8),2019-03-02,2019-03-02 09:47:13 UTC,Australia/Perth,1481898,yentsutsao,2019-03-02 09:47:32 UTC,2020-04-29 12:30:30 UTC,casual,,https://www.inaturalist.org/observations/20873819,https://static.inaturalist.org/photos/32206609/medium.jpg?1551520055,,"",,1,0,true,3,"建功一路, 東區, 台灣, TW",24.8029431515,120.9932505527,10,,,,,,,false,,,萵苣,Lactuca sativa,萵苣,Plantae,122976
21819995,2019-03-31 5:08:39 下午 GMT+08:00,2019-03-31,2019-03-31 09:08:39 UTC,Australia/Perth,1567331,naturalist9710,2019-03-31 09:09:28 UTC,2020-04-29 12:30:19 UTC,casual,,https://www.inaturalist.org/observations/21819995,https://static.inaturalist.org/photos/33802394/medium.jpeg?1554023372,,"",,2,0,true,2,300台灣新竹市東區水源街148號,24.80302785,120.99304055,7,,,,,,,false,,,Common guava,Psidium guajava,番石榴,Plantae,62859
21820005,2019-03-31 5:09:50 下午 GMT+08:00,2019-03-31,2019-03-31 09:09:50 UTC,Australia/Perth,1567331,naturalist9710,2019-03-31 09:10:35 UTC,2019-10-11 20:28:40 UTC,needs_id,,https://www.inaturalist.org/observations/21820005,https://static.inaturalist.org/photos/33802417/medium.jpeg?1554023440,,"",,2,0,false,2,300台灣新竹市東區水源街146號,24.80295715,120.99293744,5,,,,,,open,false,,,flowering plants,Angiospermae,被子植物,Plantae,47125
21820013,2019-03-31 5:10:49 下午 GMT+08:00,2019-03-31,2019-03-31 09:10:49 UTC,Australia/Perth,1567331,naturalist9710,2019-03-31 09:11:42 UTC,2020-03-12 09:24:35 UTC,needs_id,,https://www.inaturalist.org/observations/21820013,https://static.inaturalist.org/photos/33802441/medium.jpeg?1554023506,,"",,2,0,false,2,300台灣新竹市東區新源街87巷12號,24.80284105,120.99311993,8,,,,,,open,false,,,Mulberries,Morus,桑屬,Plantae,56091
21820070,2019-03-31 5:14:50 下午 GMT+08:00,2019-03-31,2019-03-31 09:14:50 UTC,Australia/Perth,1567331,naturalist9710,2019-03-31 09:17:09 UTC,2020-04-29 12:30:06 UTC,casual,,https://www.inaturalist.org/observations/21820070,https://static.inaturalist.org/photos/33802556/medium.jpeg?1554023832,,"",,1,0,true,2,300台灣新竹市東區新源街89巷12號,24.80300888,120.99313389,4,,,,,,,false,,,萵苣,Lactuca sativa,萵苣,Plantae,122976
21820088,2019-03-31 5:18:33 下午 GMT+08:00,2019-03-31,2019-03-31 09:18:33 UTC,Australia/Perth,1567331,naturalist9710,2019-03-31 09:19:18 UTC,2020-04-29 12:29:41 UTC,casual,,https://www.inaturalist.org/observations/21820088,https://static.inaturalist.org/photos/33802603/medium.jpeg?1554023964,,"",,2,0,true,2,300台灣新竹市東區新源街87巷16號,24.80290754,120.99304017,6,,,,,,,false,,,Papaya,Carica papaya,木瓜,Plantae,62811
43341318,2020/04/25 4:13 PM CST,2020-04-25,2020-04-25 08:13:00 UTC,Taipei,1372963,cyanide-bofu,2020-04-25 15:14:50 UTC,2020-04-25 15:14:50 UTC,needs_id,CC-BY-NC,https://www.inaturalist.org/observations/43341318,https://static.inaturalist.org/photos/68772847/medium.jpeg?1587826230,,"",,0,0,false,,台灣新竹市新竹,24.803124956,120.9934776491,15,,,,,,,false,,,搖蚊科,Chironomidae,搖蚊科,Insecta,53275
44015611,2020-04-28T07:01:57+08:00,2020-04-28,2020-04-27 23:01:57 UTC,Taipei,2760716,wuulongsheu,2020-04-27 23:02:20 UTC,2020-04-27 23:02:29 UTC,casual,CC0,https://www.inaturalist.org/observations/44015611,https://static.inaturalist.org/photos/69793074/medium.jpeg?1588028545,,"",,0,0,true,333,東區,24.8029515181,120.9933639187,76,,,,,,,false,,,,Hydrocotyle,天胡荽屬,Plantae,56917
44016010,2020-04-28T07:03:41+08:00,2020-04-28,2020-04-27 23:03:41 UTC,Taipei,2760716,wuulongsheu,2020-04-27 23:04:02 UTC,2020-04-28 11:49:04 UTC,needs_id,CC0,https://www.inaturalist.org/observations/44016010,https://static.inaturalist.org/photos/69793939/medium.jpg?1588028690,,"",,0,0,false,333,東區,24.8029280045,120.9933248848,76,,,,,,,false,,,,Morus,桑屬,Plantae,56091
44016500,2020-04-28T07:06:10+08:00,2020-04-28,2020-04-27 23:06:10 UTC,Taipei,2760716,wuulongsheu,2020-04-27 23:06:31 UTC,2020-04-27 23:06:39 UTC,casual,CC0,https://www.inaturalist.org/observations/44016500,https://static.inaturalist.org/photos/69794504/medium.jpeg?1588028795,,"",,0,0,true,333,東區,24.8029373343,120.9933534904,76,,,,,,,false,,,,Aloe vera,庫拉索蘆薈 (蘆薈),Plantae,126882
44016632,2020-04-28T07:06:52+08:00,2020-04-28,2020-04-27 23:06:52 UTC,Taipei,2760716,wuulongsheu,2020-04-27 23:07:13 UTC,2020-04-30 08:46:49 UTC,casual,CC0,https://www.inaturalist.org/observations/44016632,https://static.inaturalist.org/photos/70317356/medium.jpg?1588236406,,"",,0,0,true,333,東區,24.8029303447,120.9932598862,76,,,,,,,false,,,,Symphytum officinale,康復力,Plantae,55724
44016851,2020-04-28T07:07:44+08:00,2020-04-28,2020-04-27 23:07:44 UTC,Taipei,2760716,wuulongsheu,2020-04-27 23:08:02 UTC,2020-04-28 02:15:35 UTC,casual,CC0,https://www.inaturalist.org/observations/44016851,https://static.inaturalist.org/photos/69795013/medium.jpeg?1588028887,,"","",0,0,true,333,東區,24.803034,120.993105,3,,,,,,,false,,,甘蔗,Saccharum officinarum,甘蔗,Plantae,128270
44017107,2020-04-28T07:08:49+08:00,2020-04-28,2020-04-27 23:08:49 UTC,Taipei,2760716,wuulongsheu,2020-04-27 23:09:14 UTC,2020-04-27 23:09:22 UTC,casual,CC0,https://www.inaturalist.org/observations/44017107,https://static.inaturalist.org/photos/69795461/medium.jpeg?1588028959,,"",,0,0,true,333,東區,24.8029361793,120.9932831265,76,,,,,,,false,,,,Lactuca sativa,萵苣,Plantae,122976
44017456,2020-04-28T07:10:25+08:00,2020-04-28,2020-04-27 23:10:25 UTC,Taipei,2760716,wuulongsheu,2020-04-27 23:10:42 UTC,2020-04-28 02:10:09 UTC,casual,CC0,https://www.inaturalist.org/observations/44017456,https://static.inaturalist.org/photos/69796165/medium.jpg?1588029087,,"","",0,0,true,333,東區,24.802942,120.993282,1,,,,,,,false,,,辣椒,Capsicum annuum,辣椒,Plantae,48514
44018178,2020-04-28T07:13:17+08:00,2020-04-28,2020-04-27 23:13:17 UTC,Taipei,2760716,wuulongsheu,2020-04-27 23:13:32 UTC,2020-04-28 01:53:13 UTC,casual,CC0,https://www.inaturalist.org/observations/44018178,https://static.inaturalist.org/photos/69796946/medium.jpeg?1588029217,,"","",0,0,true,333,東區,24.802925,120.993139,3,,,,,,,false,,,秋葵,Abelmoschus esculentus,秋葵,Plantae,157765
44019798,2020-04-28T07:20:26+08:00,2020-04-28,2020-04-27 23:20:26 UTC,Taipei,2760716,wuulongsheu,2020-04-27 23:20:38 UTC,2020-04-30 09:06:47 UTC,needs_id,CC0,https://www.inaturalist.org/observations/44019798,https://static.inaturalist.org/photos/70318954/medium.jpg?1588237601,,"","",2,0,false,333,東區,24.802946,120.993367,1,,,,,,,false,,,薑目,Zingiberales,薑目,Plantae,48318
44020115,2020-04-28T07:21:31+08:00,2020-04-28,2020-04-27 23:21:31 UTC,Taipei,2760716,wuulongsheu,2020-04-27 23:21:57 UTC,2020-04-28 01:56:47 UTC,casual,CC0,https://www.inaturalist.org/observations/44020115,https://static.inaturalist.org/photos/69799910/medium.jpeg?1588029722,,"","",1,0,true,333,東區,24.802936,120.993134,3,,,,,,open,false,,,白花睡蓮,Nymphaea nouchali,白花睡蓮,Plantae,321501
44198930,2020/04/29 6:48 AM CST,2020-04-29,2020-04-28 22:48:00 UTC,Taipei,2760716,wuulongsheu,2020-04-29 00:20:36 UTC,2020-04-29 00:20:36 UTC,casual,CC0,https://www.inaturalist.org/observations/44198930,https://static.inaturalist.org/photos/70074982/medium.jpeg?1588119188,,新竹市綠園道食物森林,,0,0,true,,新竹市綠園道食物森林,24.8028810602,120.9931431952,5,,,,,,,false,,,大葉到手香、到手香、番檸檬,Plectranthus amboinicus,大葉到手香、到手香、番檸檬,Plantae,277909
44198932,2020/04/29 6:49 AM CST,2020-04-29,2020-04-28 22:49:00 UTC,Taipei,2760716,wuulongsheu,2020-04-29 00:20:36 UTC,2020-04-29 00:20:36 UTC,casual,CC0,https://www.inaturalist.org/observations/44198932,https://static.inaturalist.org/photos/70074996/medium.jpeg?1588119191,,新竹市綠園道食物森林,,0,0,true,,新竹市綠園道食物森林,24.8028810602,120.9931431952,5,,,,,,,false,,,三七草屬,Gynura,三七草屬,Plantae,157192
44201423,2020/04/29 6:50 AM CST,2020-04-29,2020-04-28 22:50:00 UTC,Taipei,2760716,wuulongsheu,2020-04-29 00:44:15 UTC,2020-04-29 00:44:15 UTC,casual,CC0,https://www.inaturalist.org/observations/44201423,https://static.inaturalist.org/photos/70079920/medium.jpeg?1588120841,,新竹市綠園道食物森林,,0,0,true,,新竹市綠園道食物森林,24.8028810602,120.9931431952,5,,,,,,,false,,,庫拉索蘆薈 (蘆薈),Aloe vera,庫拉索蘆薈 (蘆薈),Plantae,126882
44201424,2020/04/29 6:50 AM CST,2020-04-29,2020-04-28 22:50:00 UTC,Taipei,2760716,wuulongsheu,2020-04-29 00:44:15 UTC,2020-04-29 00:44:15 UTC,casual,CC0,https://www.inaturalist.org/observations/44201424,https://static.inaturalist.org/photos/70079931/medium.jpeg?1588120845,,新竹市綠園道食物森林,,0,0,true,,新竹市綠園道食物森林,24.8028810602,120.9931431952,5,,,,,,,false,,,康復力,Symphytum officinale,康復力,Plantae,55724
44201425,2020/04/29 6:50 AM CST,2020-04-29,2020-04-28 22:50:00 UTC,Taipei,2760716,wuulongsheu,2020-04-29 00:44:16 UTC,2020-04-29 00:45:49 UTC,casual,CC0,https://www.inaturalist.org/observations/44201425,https://static.inaturalist.org/photos/70079973/medium.jpeg?1588120858,,新竹市綠園道食物森林,"",0,0,true,,新竹市綠園道食物森林,24.8028810602,120.9931431952,5,,,,,,,false,,,Cliffortia strobilifera,Cliffortia strobilifera,,Plantae,582447
44203637,2020/04/29 6:51 AM CST,2020-04-29,2020-04-28 22:51:00 UTC,Taipei,2760716,wuulongsheu,2020-04-29 01:05:29 UTC,2020-04-29 01:05:29 UTC,casual,CC0,https://www.inaturalist.org/observations/44203637,https://static.inaturalist.org/photos/70083745/medium.jpeg?1588122220,,新竹市綠園道食物森林,,0,0,true,,新竹市綠園道食物森林,24.8028810602,120.9931431952,5,,,,,,,false,,,番薯,Ipomoea batatas,番薯,Plantae,62941
44203640,2020/04/29 6:51 AM CST,2020-04-29,2020-04-28 22:51:00 UTC,Taipei,2760716,wuulongsheu,2020-04-29 01:05:29 UTC,2020-04-29 01:05:29 UTC,casual,CC0,https://www.inaturalist.org/observations/44203640,https://static.inaturalist.org/photos/70083755/medium.jpeg?1588122224,,新竹市綠園道食物森林,,0,0,true,,新竹市綠園道食物森林,24.8028810602,120.9931431952,5,,,,,,,false,,,甘蔗,Saccharum officinarum,甘蔗,Plantae,128270
44203641,2020/04/29 6:51 AM CST,2020-04-29,2020-04-28 22:51:00 UTC,Taipei,2760716,wuulongsheu,2020-04-29 01:05:29 UTC,2020-04-29 01:05:29 UTC,casual,CC0,https://www.inaturalist.org/observations/44203641,https://static.inaturalist.org/photos/70083764/medium.jpeg?1588122229,,新竹市綠園道食物森林,,0,0,true,,新竹市綠園道食物森林,24.8028810602,120.9931431952,5,,,,,,open,false,,,牛筋草,Eleusine indica,牛筋草,Plantae,76790
44203654,2020/04/29 6:52 AM CST,2020-04-29,2020-04-28 22:52:00 UTC,Taipei,2760716,wuulongsheu,2020-04-29 01:05:32 UTC,2020-04-29 01:07:02 UTC,casual,CC0,https://www.inaturalist.org/observations/44203654,https://static.inaturalist.org/photos/70083778/medium.jpeg?1588122233,,新竹市綠園道食物森林,"",0,0,true,,新竹市綠園道食物森林,24.8028810602,120.9931431952,5,,,,,,,false,,,Thevetia ahouai,Thevetia ahouai,,Plantae,277562
44203656,2020/04/29 6:52 AM CST,2020-04-29,2020-04-28 22:52:00 UTC,Taipei,2760716,wuulongsheu,2020-04-29 01:05:32 UTC,2020-04-29 01:07:59 UTC,casual,CC0,https://www.inaturalist.org/observations/44203656,https://static.inaturalist.org/photos/70083788/medium.jpeg?1588122237,,新竹市綠園道食物森林,"",0,0,true,,新竹市綠園道食物森林,24.8028810602,120.9931431952,5,,,,,,,false,,,Ruta chalepensis,Ruta chalepensis,,Plantae,78917
44204397,2020/04/29 6:52 AM CST,2020-04-29,2020-04-28 22:52:00 UTC,Taipei,2760716,wuulongsheu,2020-04-29 01:13:37 UTC,2020-04-29 01:13:37 UTC,casual,CC0,https://www.inaturalist.org/observations/44204397,https://static.inaturalist.org/photos/70084512/medium.jpeg?1588122559,,新竹市綠園道食物森林,,0,0,true,,新竹市綠園道食物森林,24.8028810602,120.9931431952,5,,,,,,,false,,,辣椒,Capsicum annuum,辣椒,Plantae,48514
44204399,2020/04/29 6:53 AM CST,2020-04-29,2020-04-28 22:53:00 UTC,Taipei,2760716,wuulongsheu,2020-04-29 01:13:38 UTC,2020-04-29 01:13:38 UTC,casual,CC0,https://www.inaturalist.org/observations/44204399,https://static.inaturalist.org/photos/70084522/medium.jpeg?1588122564,,新竹市綠園道食物森林,,0,0,true,,新竹市綠園道食物森林,24.8028810602,120.9931431952,5,,,,,,,false,,,雙瓣茉莉,Jasminum sambac,雙瓣茉莉,Plantae,135425
44204400,2020/04/29 6:54 AM CST,2020-04-29,2020-04-28 22:54:00 UTC,Taipei,2760716,wuulongsheu,2020-04-29 01:13:38 UTC,2020-04-29 01:13:38 UTC,casual,CC0,https://www.inaturalist.org/observations/44204400,https://static.inaturalist.org/photos/70084531/medium.jpeg?1588122567,,新竹市綠園道食物森林,,0,0,true,,新竹市綠園道食物森林,24.8028810602,120.9931431952,5,,,,,,,false,,,光果龍葵,Solanum americanum,光果龍葵,Plantae,59035
44204404,2020/04/29 6:54 AM CST,2020-04-29,2020-04-28 22:54:00 UTC,Taipei,2760716,wuulongsheu,2020-04-29 01:13:40 UTC,2020-04-29 01:15:02 UTC,casual,CC0,https://www.inaturalist.org/observations/44204404,https://static.inaturalist.org/photos/70084546/medium.jpeg?1588122571,,新竹市綠園道食物森林,"",0,0,true,,新竹市綠園道食物森林,24.8028810602,120.9931431952,5,,,,,,,false,,,迷迭香,Salvia rosmarinus,迷迭香,Plantae,636795
44204405,2020/04/29 6:55 AM CST,2020-04-29,2020-04-28 22:55:00 UTC,Taipei,2760716,wuulongsheu,2020-04-29 01:13:40 UTC,2020-04-29 01:13:40 UTC,casual,CC0,https://www.inaturalist.org/observations/44204405,https://static.inaturalist.org/photos/70084560/medium.jpeg?1588122575,,新竹市綠園道食物森林,,0,0,true,,新竹市綠園道食物森林,24.8028810602,120.9931431952,5,,,,,,,false,,,葉下珠,Phyllanthus urinaria,葉下珠,Plantae,166758
44204407,2020/04/29 6:55 AM CST,2020-04-29,2020-04-28 22:55:00 UTC,Taipei,2760716,wuulongsheu,2020-04-29 01:13:41 UTC,2020-04-29 01:13:41 UTC,casual,CC0,https://www.inaturalist.org/observations/44204407,https://static.inaturalist.org/photos/70084602/medium.jpeg?1588122581,,新竹市綠園道食物森林,,0,0,true,,新竹市綠園道食物森林,24.8028810602,120.9931431952,5,,,,,,open,false,,,Scirpus sylvaticus,Scirpus sylvaticus,,Plantae,84512
44204411,2020/04/29 6:55 AM CST,2020-04-29,2020-04-28 22:55:00 UTC,Taipei,2760716,wuulongsheu,2020-04-29 01:13:43 UTC,2020-04-29 01:15:40 UTC,casual,CC0,https://www.inaturalist.org/observations/44204411,https://static.inaturalist.org/photos/70084610/medium.jpeg?1588122599,,新竹市綠園道食物森林,"",0,0,true,,新竹市綠園道食物森林,24.8028810602,120.9931431952,5,,,,,,,false,,,朱槿,Hibiscus rosa-sinensis,朱槿,Plantae,62876
44204413,2020/04/29 6:56 AM CST,2020-04-29,2020-04-28 22:56:00 UTC,Taipei,2760716,wuulongsheu,2020-04-29 01:13:43 UTC,2020-04-29 01:13:43 UTC,casual,CC0,https://www.inaturalist.org/observations/44204413,https://static.inaturalist.org/photos/70084619/medium.jpeg?1588122603,,新竹市綠園道食物森林,,0,0,true,,新竹市綠園道食物森林,24.8028810602,120.9931431952,5,,,,,,,false,,,桂花,Osmanthus fragrans,桂花,Plantae,371103
44204416,2020/04/29 6:57 AM CST,2020-04-29,2020-04-28 22:57:00 UTC,Taipei,2760716,wuulongsheu,2020-04-29 01:13:44 UTC,2020-04-29 01:16:22 UTC,casual,CC0,https://www.inaturalist.org/observations/44204416,https://static.inaturalist.org/photos/70084627/medium.jpeg?1588122609,,新竹市綠園道食物森林,"",0,0,true,,新竹市綠園道食物森林,24.8028810602,120.9931431952,5,,,,,,,false,,,羅氏鹽膚木,Rhus javanica,羅氏鹽膚木,Plantae,452072
44204422,2020/04/29 6:57 AM CST,2020-04-29,2020-04-28 22:57:00 UTC,Taipei,2760716,wuulongsheu,2020-04-29 01:13:46 UTC,2020-04-29 01:13:46 UTC,casual,CC0,https://www.inaturalist.org/observations/44204422,https://static.inaturalist.org/photos/70084636/medium.jpeg?1588122613,,新竹市綠園道食物森林,,0,0,true,,新竹市綠園道食物森林,24.8028810602,120.9931431952,5,,,,,,,false,,,蘿蔔 (萊菔),Raphanus sativus,蘿蔔 (萊菔),Plantae,55410
44204424,2020/04/29 6:58 AM CST,2020-04-29,2020-04-28 22:58:00 UTC,Taipei,2760716,wuulongsheu,2020-04-29 01:13:47 UTC,2020-04-29 01:16:59 UTC,casual,CC0,https://www.inaturalist.org/observations/44204424,https://static.inaturalist.org/photos/70084646/medium.jpeg?1588122617,,新竹市綠園道食物森林,"",0,0,true,,新竹市綠園道食物森林,24.8028810602,120.9931431952,5,,,,,,,false,,,辣椒,Capsicum annuum,辣椒,Plantae,48514
44204425,2020/04/29 6:59 AM CST,2020-04-29,2020-04-28 22:59:00 UTC,Taipei,2760716,wuulongsheu,2020-04-29 01:13:47 UTC,2020-04-29 01:17:35 UTC,casual,CC0,https://www.inaturalist.org/observations/44204425,https://static.inaturalist.org/photos/70084658/medium.jpeg?1588122621,,新竹市綠園道食物森林,"",0,0,true,,新竹市綠園道食物森林,24.8028810602,120.9931431952,5,,,,,,,false,,,羅勒,Ocimum basilicum,羅勒,Plantae,61398
44204429,2020/04/29 6:59 AM CST,2020-04-29,2020-04-28 22:59:00 UTC,Taipei,2760716,wuulongsheu,2020-04-29 01:13:49 UTC,2020-04-29 01:13:50 UTC,casual,CC0,https://www.inaturalist.org/observations/44204429,https://static.inaturalist.org/photos/70084673/medium.jpeg?1588122625,,新竹市綠園道食物森林,,0,0,true,,新竹市綠園道食物森林,24.8028810602,120.9931431952,5,,,,,,,false,,,萵苣,Lactuca sativa,萵苣,Plantae,122976
44205593,2020/04/29 6:59 AM CST,2020-04-29,2020-04-28 22:59:00 UTC,Taipei,2760716,wuulongsheu,2020-04-29 01:25:44 UTC,2020-04-29 01:25:44 UTC,casual,CC0,https://www.inaturalist.org/observations/44205593,https://static.inaturalist.org/photos/70086231/medium.jpeg?1588123177,,"",,0,0,true,,新竹市綠園道食物森林,24.8028810602,120.9931431952,5,,,,,,,false,,,萵苣,Lactuca sativa,萵苣,Plantae,122976
44205595,2020/04/29 6:59 AM CST,2020-04-29,2020-04-28 22:59:00 UTC,Taipei,2760716,wuulongsheu,2020-04-29 01:25:45 UTC,2020-04-29 01:25:45 UTC,casual,CC0,https://www.inaturalist.org/observations/44205595,https://static.inaturalist.org/photos/70086248/medium.jpeg?1588123182,,"",,0,0,true,,新竹市綠園道食物森林,24.8028810602,120.9931431952,5,,,,,,,false,,,落葵,Basella alba,落葵,Plantae,159191
44205597,2020/04/29 7:00 AM CST,2020-04-29,2020-04-28 23:00:00 UTC,Taipei,2760716,wuulongsheu,2020-04-29 01:25:45 UTC,2020-04-29 01:25:45 UTC,casual,CC0,https://www.inaturalist.org/observations/44205597,https://static.inaturalist.org/photos/70086267/medium.jpeg?1588123187,,"",,0,0,true,,新竹市綠園道食物森林,24.8028810602,120.9931431952,5,,,,,,,false,,,茄子,Solanum melongena,茄子,Plantae,63190
44205599,2020/04/29 7:00 AM CST,2020-04-29,2020-04-28 23:00:00 UTC,Taipei,2760716,wuulongsheu,2020-04-29 01:25:47 UTC,2020-04-29 01:25:47 UTC,casual,CC0,https://www.inaturalist.org/observations/44205599,https://static.inaturalist.org/photos/70086284/medium.jpeg?1588123192,,"",,0,0,true,,新竹市綠園道食物森林,24.8028810602,120.9931431952,5,,,,,,,false,,,萵苣,Lactuca sativa,萵苣,Plantae,122976
44205600,2020/04/29 7:00 AM CST,2020-04-29,2020-04-28 23:00:00 UTC,Taipei,2760716,wuulongsheu,2020-04-29 01:25:47 UTC,2020-04-29 01:25:47 UTC,casual,CC0,https://www.inaturalist.org/observations/44205600,https://static.inaturalist.org/photos/70086299/medium.jpeg?1588123197,,"",,0,0,true,,新竹市綠園道食物森林,24.8028810602,120.9931431952,5,,,,,,,false,,,萵苣,Lactuca sativa,萵苣,Plantae,122976
44205601,2020/04/29 7:01 AM CST,2020-04-29,2020-04-28 23:01:00 UTC,Taipei,2760716,wuulongsheu,2020-04-29 01:25:47 UTC,2020-04-29 01:27:33 UTC,casual,CC0,https://www.inaturalist.org/observations/44205601,https://static.inaturalist.org/photos/70086308/medium.jpeg?1588123202,,"","",0,0,true,,新竹市綠園道食物森林,24.8028810602,120.9931431952,5,,,,,,,false,,,萵苣,Lactuca sativa,萵苣,Plantae,122976
44205605,2020/04/29 7:01 AM CST,2020-04-29,2020-04-28 23:01:00 UTC,Taipei,2760716,wuulongsheu,2020-04-29 01:25:51 UTC,2020-04-29 01:25:51 UTC,casual,CC0,https://www.inaturalist.org/observations/44205605,https://static.inaturalist.org/photos/70086323/medium.jpeg?1588123206,,"",,0,0,true,,新竹市綠園道食物森林,24.8028810602,120.9931431952,5,,,,,,,false,,,萵苣,Lactuca sativa,萵苣,Plantae,122976
44205606,2020/04/29 7:02 AM CST,2020-04-29,2020-04-28 23:02:00 UTC,Taipei,2760716,wuulongsheu,2020-04-29 01:25:51 UTC,2020-04-30 08:49:23 UTC,casual,CC0,https://www.inaturalist.org/observations/44205606,https://static.inaturalist.org/photos/70317514/medium.jpg?1588236552,,"",,0,0,true,,新竹市綠園道食物森林,24.8028810602,120.9931431952,5,,,,,,,false,,,辣椒,Capsicum annuum,辣椒,Plantae,48514
44205608,2020/04/29 7:02 AM CST,2020-04-29,2020-04-28 23:02:00 UTC,Taipei,2760716,wuulongsheu,2020-04-29 01:25:53 UTC,2020-04-29 01:25:53 UTC,casual,CC0,https://www.inaturalist.org/observations/44205608,https://static.inaturalist.org/photos/70086350/medium.jpeg?1588123213,,"",,0,0,true,,新竹市綠園道食物森林,24.8028810602,120.9931431952,5,,,,,,,false,,,月見草,Oenothera biennis,月見草,Plantae,62207
44205609,2020/04/29 7:02 AM CST,2020-04-29,2020-04-28 23:02:00 UTC,Taipei,2760716,wuulongsheu,2020-04-29 01:25:55 UTC,2020-04-29 01:25:55 UTC,casual,CC0,https://www.inaturalist.org/observations/44205609,https://static.inaturalist.org/photos/70086365/medium.jpeg?1588123217,,"",,0,0,true,,新竹市綠園道食物森林,24.8028810602,120.9931431952,5,,,,,,,false,,,Iva frutescens,Iva frutescens,,Plantae,131165
44205611,2020/04/29 7:02 AM CST,2020-04-29,2020-04-28 23:02:00 UTC,Taipei,2760716,wuulongsheu,2020-04-29 01:25:55 UTC,2020-04-29 01:25:55 UTC,casual,CC0,https://www.inaturalist.org/observations/44205611,https://static.inaturalist.org/photos/70086378/medium.jpeg?1588123221,,"",,0,0,true,,新竹市綠園道食物森林,24.8028810602,120.9931431952,5,,,,,,,false,,,十字花科,Brassicaceae,十字花科,Plantae,47204
44205612,2020/04/29 7:03 AM CST,2020-04-29,2020-04-28 23:03:00 UTC,Taipei,2760716,wuulongsheu,2020-04-29 01:25:57 UTC,2020-04-29 01:25:57 UTC,casual,CC0,https://www.inaturalist.org/observations/44205612,https://static.inaturalist.org/photos/70086394/medium.jpeg?1588123225,,"",,0,0,true,,新竹市綠園道食物森林,24.8028810602,120.9931431952,5,,,,,,,false,,,萵苣,Lactuca sativa,萵苣,Plantae,122976
44205613,2020/04/29 7:03 AM CST,2020-04-29,2020-04-28 23:03:00 UTC,Taipei,2760716,wuulongsheu,2020-04-29 01:25:57 UTC,2020-04-30 08:52:30 UTC,casual,CC0,https://www.inaturalist.org/observations/44205613,https://static.inaturalist.org/photos/70317636/medium.jpg?1588236651,,"",鹿角,0,0,true,,新竹市綠園道食物森林,24.8028810602,120.9931431952,5,,,,,,,false,,,萵苣屬,Lactuca,萵苣屬,Plantae,53106
44205614,2020/04/29 7:03 AM CST,2020-04-29,2020-04-28 23:03:00 UTC,Taipei,2760716,wuulongsheu,2020-04-29 01:25:57 UTC,2020-04-29 01:25:58 UTC,casual,CC0,https://www.inaturalist.org/observations/44205614,https://static.inaturalist.org/photos/70086428/medium.jpeg?1588123235,,"",,0,0,true,,新竹市綠園道食物森林,24.8028810602,120.9931431952,5,,,,,,,false,,,落葵,Basella alba,落葵,Plantae,159191
44205617,2020/04/29 7:03 AM CST,2020-04-29,2020-04-28 23:03:00 UTC,Taipei,2760716,wuulongsheu,2020-04-29 01:26:00 UTC,2020-04-30 08:48:07 UTC,casual,CC0,https://www.inaturalist.org/observations/44205617,https://static.inaturalist.org/photos/70317440/medium.jpg?1588236484,,"",,0,0,true,,新竹市綠園道食物森林,24.8028810602,120.9931431952,5,,,,,,,false,,,蔥屬,Allium,蔥屬,Plantae,47357
44205619,2020/04/29 7:04 AM CST,2020-04-29,2020-04-28 23:04:00 UTC,Taipei,2760716,wuulongsheu,2020-04-29 01:26:00 UTC,2020-04-29 01:26:00 UTC,casual,CC0,https://www.inaturalist.org/observations/44205619,https://static.inaturalist.org/photos/70086460/medium.jpeg?1588123244,,"",,0,0,true,,新竹市綠園道食物森林,24.8028810602,120.9931431952,5,,,,,,,false,,,萵苣,Lactuca sativa,萵苣,Plantae,122976
44205620,2020/04/29 7:04 AM CST,2020-04-29,2020-04-28 23:04:00 UTC,Taipei,2760716,wuulongsheu,2020-04-29 01:26:00 UTC,2020-04-29 01:28:16 UTC,casual,CC0,https://www.inaturalist.org/observations/44205620,https://static.inaturalist.org/photos/70086476/medium.jpeg?1588123250,,"","",0,0,true,,新竹市綠園道食物森林,24.8028810602,120.9931431952,5,,,,,,,false,,,檸檬,Citrus × limon,檸檬,Plantae,331124
44205621,2020/04/29 7:04 AM CST,2020-04-29,2020-04-28 23:04:00 UTC,Taipei,2760716,wuulongsheu,2020-04-29 01:26:02 UTC,2020-04-29 01:29:00 UTC,casual,CC0,https://www.inaturalist.org/observations/44205621,https://static.inaturalist.org/photos/70086496/medium.jpeg?1588123258,,"","",0,0,true,,新竹市綠園道食物森林,24.8028810602,120.9931431952,5,,,,,,,false,,,Sapindus drummondii,Sapindus drummondii,,Plantae,286324
44205623,2020/04/29 7:10 AM CST,2020-04-29,2020-04-28 23:10:00 UTC,Taipei,2760716,wuulongsheu,2020-04-29 01:26:03 UTC,2020-04-29 01:26:03 UTC,casual,CC0,https://www.inaturalist.org/observations/44205623,https://static.inaturalist.org/photos/70086514/medium.jpeg?1588123264,,"",,0,0,true,,新竹市綠園道食物森林,24.8028810602,120.9931431952,5,,,,,,,false,,,萵苣,Lactuca sativa,萵苣,Plantae,122976
44205625,2020/04/29 7:10 AM CST,2020-04-29,2020-04-28 23:10:00 UTC,Taipei,2760716,wuulongsheu,2020-04-29 01:26:04 UTC,2020-04-29 01:26:04 UTC,casual,CC0,https://www.inaturalist.org/observations/44205625,https://static.inaturalist.org/photos/70086536/medium.jpeg?1588123271,,"",,0,0,true,,新竹市綠園道食物森林,24.8028810602,120.9931431952,5,,,,,,,false,,,禾本科,Poaceae,禾本科,Plantae,47434
44205627,2020/04/29 7:11 AM CST,2020-04-29,2020-04-28 23:11:00 UTC,Taipei,2760716,wuulongsheu,2020-04-29 01:26:05 UTC,2020-04-29 01:29:47 UTC,casual,CC0,https://www.inaturalist.org/observations/44205627,https://static.inaturalist.org/photos/70086560/medium.jpeg?1588123278,,"","",0,0,true,,新竹市綠園道食物森林,24.8028810602,120.9931431952,5,,,,,,,false,,,番茄,Solanum lycopersicum,番茄,Plantae,51737
44205629,2020/04/29 7:11 AM CST,2020-04-29,2020-04-28 23:11:00 UTC,Taipei,2760716,wuulongsheu,2020-04-29 01:26:06 UTC,2020-04-29 01:26:06 UTC,casual,CC0,https://www.inaturalist.org/observations/44205629,https://static.inaturalist.org/photos/70086583/medium.jpeg?1588123286,,"",,0,0,true,,新竹市綠園道食物森林,24.8028810602,120.9931431952,5,,,,,,open,false,,,芋,Colocasia esculenta,芋,Plantae,122835
44205631,2020/04/29 7:11 AM CST,2020-04-29,2020-04-28 23:11:00 UTC,Taipei,2760716,wuulongsheu,2020-04-29 01:26:07 UTC,2020-04-30 23:11:39 UTC,casual,CC0,https://www.inaturalist.org/observations/44205631,https://static.inaturalist.org/photos/70086608/medium.jpeg?1588123297,,"",,0,0,true,,新竹市綠園道食物森林,24.8028810602,120.9931431952,5,,,,,,,false,,,三七草屬,Gynura bicolor,紅鳳菜,Plantae,344577
44205634,2020/04/29 7:11 AM CST,2020-04-29,2020-04-28 23:11:00 UTC,Taipei,2760716,wuulongsheu,2020-04-29 01:26:09 UTC,2020-04-29 01:26:09 UTC,casual,CC0,https://www.inaturalist.org/observations/44205634,https://static.inaturalist.org/photos/70086619/medium.jpeg?1588123305,,"",,0,0,true,,新竹市綠園道食物森林,24.8028810602,120.9931431952,5,,,,,,,false,,,番薯,Ipomoea batatas,番薯,Plantae,62941
44205637,2020/04/29 7:12 AM CST,2020-04-29,2020-04-28 23:12:00 UTC,Taipei,2760716,wuulongsheu,2020-04-29 01:26:10 UTC,2020-04-29 01:26:10 UTC,casual,CC0,https://www.inaturalist.org/observations/44205637,https://static.inaturalist.org/photos/70086635/medium.jpeg?1588123312,,"",,0,0,true,,新竹市綠園道食物森林,24.8028810602,120.9931431952,5,,,,,,,false,,,芹亞科,Apioideae,,Plantae,790553
44205638,2020/04/29 7:12 AM CST,2020-04-29,2020-04-28 23:12:00 UTC,Taipei,2760716,wuulongsheu,2020-04-29 01:26:10 UTC,2020-04-29 01:26:10 UTC,casual,CC0,https://www.inaturalist.org/observations/44205638,https://static.inaturalist.org/photos/70086657/medium.jpeg?1588123319,,"",,0,0,true,,新竹市綠園道食物森林,24.8028810602,120.9931431952,5,,,,,,,false,,,Coreopsis tripteris,Coreopsis tripteris,,Plantae,123957
44205639,2020/04/29 7:12 AM CST,2020-04-29,2020-04-28 23:12:00 UTC,Taipei,2760716,wuulongsheu,2020-04-29 01:26:11 UTC,2020-04-29 01:30:35 UTC,casual,CC0,https://www.inaturalist.org/observations/44205639,https://static.inaturalist.org/photos/70086680/medium.jpeg?1588123327,,"","",0,0,true,,新竹市綠園道食物森林,24.8028810602,120.9931431952,5,,,,,,,false,,,菊苣,Cichorium intybus,菊苣,Plantae,52913
44205642,2020/04/29 7:12 AM CST,2020-04-29,2020-04-28 23:12:00 UTC,Taipei,2760716,wuulongsheu,2020-04-29 01:26:13 UTC,2020-04-29 01:26:13 UTC,casual,CC0,https://www.inaturalist.org/observations/44205642,https://static.inaturalist.org/photos/70086708/medium.jpeg?1588123335,,"",,0,0,true,,新竹市綠園道食物森林,24.8028810602,120.9931431952,5,,,,,,open,false,,,蕹菜,Ipomoea aquatica,蕹菜,Plantae,164077
44205645,2020/04/29 7:12 AM CST,2020-04-29,2020-04-28 23:12:00 UTC,Taipei,2760716,wuulongsheu,2020-04-29 01:26:13 UTC,2020-04-30 23:06:19 UTC,casual,CC0,https://www.inaturalist.org/observations/44205645,https://static.inaturalist.org/photos/70426427/medium.jpg?1588287976,,"",,0,0,true,,新竹市綠園道食物森林,24.8028810602,120.9931431952,5,,,,,,,false,,,秋葵,Abelmoschus esculentus,秋葵,Plantae,157765
44205649,2020/04/29 7:13 AM CST,2020-04-29,2020-04-28 23:13:00 UTC,Taipei,2760716,wuulongsheu,2020-04-29 01:26:16 UTC,2020-04-29 01:26:16 UTC,casual,CC0,https://www.inaturalist.org/observations/44205649,https://static.inaturalist.org/photos/70086747/medium.jpeg?1588123351,,"",,0,0,true,,新竹市綠園道食物森林,24.8028810602,120.9931431952,5,,,,,,,false,,,萵苣,Lactuca sativa,萵苣,Plantae,122976
44205653,2020/04/29 7:13 AM CST,2020-04-29,2020-04-28 23:13:00 UTC,Taipei,2760716,wuulongsheu,2020-04-29 01:26:17 UTC,2020-04-29 01:26:17 UTC,casual,CC0,https://www.inaturalist.org/observations/44205653,https://static.inaturalist.org/photos/70086770/medium.jpeg?1588123360,,"",,0,0,true,,新竹市綠園道食物森林,24.8028810602,120.9931431952,5,,,,,,,false,,,胡蘿蔔,Daucus carota,,Plantae,76610
44206763,2020/04/29 7:14 AM CST,2020-04-29,2020-04-28 23:14:00 UTC,Taipei,2760716,wuulongsheu,2020-04-29 01:39:09 UTC,2020-04-29 01:39:09 UTC,casual,CC0,https://www.inaturalist.org/observations/44206763,https://static.inaturalist.org/photos/70087942/medium.jpeg?1588123922,,新竹市綠園道食物森林,,0,0,true,,新竹市綠園道食物森林,24.8028810602,120.9931431952,5,,,,,,,false,,,大果黃褥花,Malpighia glabra,大果黃褥花,Plantae,165102
44206764,2020/04/29 7:14 AM CST,2020-04-29,2020-04-28 23:14:00 UTC,Taipei,2760716,wuulongsheu,2020-04-29 01:39:09 UTC,2020-04-29 01:39:10 UTC,casual,CC0,https://www.inaturalist.org/observations/44206764,https://static.inaturalist.org/photos/70087954/medium.jpeg?1588123928,,新竹市綠園道食物森林,,0,0,true,,新竹市綠園道食物森林,24.8028810602,120.9931431952,5,,,,,,,false,,,木瓜,Carica papaya,木瓜,Plantae,62811
44206765,2020/04/29 7:14 AM CST,2020-04-29,2020-04-28 23:14:00 UTC,Taipei,2760716,wuulongsheu,2020-04-29 01:39:10 UTC,2020-04-29 01:39:10 UTC,casual,CC0,https://www.inaturalist.org/observations/44206765,https://static.inaturalist.org/photos/70087969/medium.jpeg?1588123932,,新竹市綠園道食物森林,,0,0,true,,新竹市綠園道食物森林,24.8028810602,120.9931431952,5,,,,,,open,false,,,酪梨,Persea americana,酪梨,Plantae,62831
44206772,2020/04/29 7:16 AM CST,2020-04-29,2020-04-28 23:16:00 UTC,Taipei,2760716,wuulongsheu,2020-04-29 01:39:13 UTC,2020-04-29 01:39:13 UTC,casual,CC0,https://www.inaturalist.org/observations/44206772,https://static.inaturalist.org/photos/70087991/medium.jpeg?1588123942,,新竹市綠園道食物森林,,0,0,true,,新竹市綠園道食物森林,24.8028810602,120.9931431952,5,,,,,,,false,,,木瓜,Carica papaya,木瓜,Plantae,62811
44206773,2020/04/29 7:16 AM CST,2020-04-29,2020-04-28 23:16:00 UTC,Taipei,2760716,wuulongsheu,2020-04-29 01:39:13 UTC,2020-04-30 09:01:55 UTC,casual,CC0,https://www.inaturalist.org/observations/44206773,https://static.inaturalist.org/photos/70318618/medium.jpg?1588237309,,新竹市綠園道食物森林,"",0,0,true,,新竹市綠園道食物森林,24.8028810602,120.9931431952,5,,,,,,open,false,,,芒果,Mangifera indica,芒果,Plantae,48872
44206778,2020/04/29 7:16 AM CST,2020-04-29,2020-04-28 23:16:00 UTC,Taipei,2760716,wuulongsheu,2020-04-29 01:39:15 UTC,2020-04-29 01:42:33 UTC,casual,CC0,https://www.inaturalist.org/observations/44206778,https://static.inaturalist.org/photos/70088017/medium.jpeg?1588123950,,新竹市綠園道食物森林,"",0,0,true,,新竹市綠園道食物森林,24.8028810602,120.9931431952,5,,,,,,,false,,,番石榴,Psidium guajava,番石榴,Plantae,62859
44206780,2020/04/29 7:18 AM CST,2020-04-29,2020-04-28 23:18:00 UTC,Taipei,2760716,wuulongsheu,2020-04-29 01:39:17 UTC,2020-04-29 01:43:59 UTC,casual,CC0,https://www.inaturalist.org/observations/44206780,https://static.inaturalist.org/photos/70088043/medium.jpeg?1588123959,,新竹市綠園道食物森林,"",0,0,true,,新竹市綠園道食物森林,24.8028810602,120.9931431952,5,,,,,,open,false,,,白花睡蓮,Nymphaea nouchali,白花睡蓮,Plantae,321501
44206782,2020/04/29 7:17 AM CST,2020-04-29,2020-04-28 23:17:00 UTC,Taipei,2760716,wuulongsheu,2020-04-29 01:39:17 UTC,2020-04-29 01:43:14 UTC,casual,CC0,https://www.inaturalist.org/observations/44206782,https://static.inaturalist.org/photos/70088026/medium.jpeg?1588123955,,新竹市綠園道食物森林,"",0,0,true,,新竹市綠園道食物森林,24.8028810602,120.9931431952,5,,,,,,open,false,,,小葉桑,Morus indica,小葉桑,Plantae,773801
44206785,2020/04/29 7:18 AM CST,2020-04-29,2020-04-28 23:18:00 UTC,Taipei,2760716,wuulongsheu,2020-04-29 01:39:19 UTC,2020-04-29 01:39:19 UTC,casual,CC0,https://www.inaturalist.org/observations/44206785,https://static.inaturalist.org/photos/70088057/medium.jpeg?1588123964,,新竹市綠園道食物森林,,0,0,true,,新竹市綠園道食物森林,24.8028810602,120.9931431952,5,,,,,,open,false,,,水萍,Spirodela polyrhiza,水萍,Plantae,57867
44206791,2020/04/29 7:18 AM CST,2020-04-29,2020-04-28 23:18:00 UTC,Taipei,2760716,wuulongsheu,2020-04-29 01:39:20 UTC,2020-04-29 01:39:20 UTC,casual,CC0,https://www.inaturalist.org/observations/44206791,https://static.inaturalist.org/photos/70088069/medium.jpeg?1588123968,,新竹市綠園道食物森林,,0,0,true,,新竹市綠園道食物森林,24.8028810602,120.9931431952,5,,,,,,,false,,,野薑花,Hedychium coronarium,野薑花,Plantae,143955
44206792,2020/04/29 7:19 AM CST,2020-04-29,2020-04-28 23:19:00 UTC,Taipei,2760716,wuulongsheu,2020-04-29 01:39:21 UTC,2020-04-29 01:39:21 UTC,casual,CC0,https://www.inaturalist.org/observations/44206792,https://static.inaturalist.org/photos/70088080/medium.jpeg?1588123972,,新竹市綠園道食物森林,,0,0,true,,新竹市綠園道食物森林,24.8028810602,120.9931431952,5,,,,,,open,false,,,水燭,Typha angustifolia,水燭,Plantae,60316
44206797,2020/04/29 7:19 AM CST,2020-04-29,2020-04-28 23:19:00 UTC,Taipei,2760716,wuulongsheu,2020-04-29 01:39:22 UTC,2020-04-29 01:39:22 UTC,casual,CC0,https://www.inaturalist.org/observations/44206797,https://static.inaturalist.org/photos/70088104/medium.jpeg?1588123980,,新竹市綠園道食物森林,,0,0,true,,新竹市綠園道食物森林,24.8028810602,120.9931431952,5,,,,,,open,false,,,蘆葦,Phragmites australis,蘆葦,Plantae,64237
44206803,2020/04/29 7:20 AM CST,2020-04-29,2020-04-28 23:20:00 UTC,Taipei,2760716,wuulongsheu,2020-04-29 01:39:24 UTC,2020-04-29 01:39:24 UTC,casual,CC0,https://www.inaturalist.org/observations/44206803,https://static.inaturalist.org/photos/70088120/medium.jpeg?1588123986,,新竹市綠園道食物森林,,0,0,true,,新竹市綠園道食物森林,24.8028810602,120.9931431952,5,,,,,,open,false,,,薄荷,Mentha canadensis,薄荷,Plantae,77991
44206804,2020/04/29 7:20 AM CST,2020-04-29,2020-04-28 23:20:00 UTC,Taipei,2760716,wuulongsheu,2020-04-29 01:39:24 UTC,2020-04-29 09:16:28 UTC,casual,CC0,https://www.inaturalist.org/observations/44206804,https://static.inaturalist.org/photos/70088129/medium.jpeg?1588123991,,新竹市綠園道食物森林,"",1,0,true,,新竹市綠園道食物森林,24.8028810602,120.9931431952,5,,,,,,,false,,,Banane,Musa acuminata,香蕉,Plantae,140907
44206809,2020/04/29 7:21 AM CST,2020-04-29,2020-04-28 23:21:00 UTC,Taipei,2760716,wuulongsheu,2020-04-29 01:39:25 UTC,2020-05-06 02:09:52 UTC,casual,CC0,https://www.inaturalist.org/observations/44206809,https://static.inaturalist.org/photos/70318841/medium.jpg?1588237471,,新竹市綠園道食物森林,"",1,0,true,,新竹市綠園道食物森林,24.8028810602,120.9931431952,5,,,,,,,false,,,木槿屬,Hibiscus,木槿屬,Plantae,48891
44206814,2020/04/29 7:21 AM CST,2020-04-29,2020-04-28 23:21:00 UTC,Taipei,2760716,wuulongsheu,2020-04-29 01:39:27 UTC,2020-04-29 01:39:27 UTC,casual,CC0,https://www.inaturalist.org/observations/44206814,https://static.inaturalist.org/photos/70088155/medium.jpeg?1588124004,,新竹市綠園道食物森林,,0,0,true,,新竹市綠園道食物森林,24.8028810602,120.9931431952,5,,,,,,,false,,,台灣欒樹,Koelreuteria elegans,台灣欒樹,Plantae,164356
44206815,2020/04/29 7:21 AM CST,2020-04-29,2020-04-28 23:21:00 UTC,Taipei,2760716,wuulongsheu,2020-04-29 01:39:27 UTC,2020-04-29 01:46:02 UTC,casual,CC0,https://www.inaturalist.org/observations/44206815,https://static.inaturalist.org/photos/70088148/medium.jpeg?1588124000,,新竹市綠園道食物森林,"",0,0,true,,新竹市綠園道食物森林,24.8028810602,120.9931431952,5,,,,,,open,false,,,蕹菜,Ipomoea aquatica,蕹菜,Plantae,164077
44206818,2020/04/29 7:21 AM CST,2020-04-29,2020-04-28 23:21:00 UTC,Taipei,2760716,wuulongsheu,2020-04-29 01:39:28 UTC,2020-04-29 01:39:28 UTC,casual,CC0,https://www.inaturalist.org/observations/44206818,https://static.inaturalist.org/photos/70088169/medium.jpeg?1588124008,,新竹市綠園道食物森林,,0,0,true,,新竹市綠園道食物森林,24.8028810602,120.9931431952,5,,,,,,,false,,,野薑花,Hedychium coronarium,野薑花,Plantae,143955
44206820,2020/04/29 7:22 AM CST,2020-04-29,2020-04-28 23:22:00 UTC,Taipei,2760716,wuulongsheu,2020-04-29 01:39:30 UTC,2020-04-29 01:39:30 UTC,casual,CC0,https://www.inaturalist.org/observations/44206820,https://static.inaturalist.org/photos/70088178/medium.jpeg?1588124012,,新竹市綠園道食物森林,,0,0,true,,新竹市綠園道食物森林,24.8028810602,120.9931431952,5,,,,,,,false,,,台灣欒樹,Koelreuteria elegans,台灣欒樹,Plantae,164356
44206822,2020/04/29 7:22 AM CST,2020-04-29,2020-04-28 23:22:00 UTC,Taipei,2760716,wuulongsheu,2020-04-29 01:39:31 UTC,2020-04-29 02:11:45 UTC,casual,CC0,https://www.inaturalist.org/observations/44206822,https://static.inaturalist.org/photos/70088189/medium.jpeg?1588124016,,新竹市綠園道食物森林,"",0,0,true,,新竹市綠園道食物森林,24.8028810602,120.9931431952,5,,,,,,,false,,,Bouvardia longiflora,Bouvardia longiflora,,Plantae,286123
44206824,2020/04/29 7:23 AM CST,2020-04-29,2020-04-28 23:23:00 UTC,Taipei,2760716,wuulongsheu,2020-04-29 01:39:31 UTC,2020-04-29 01:39:31 UTC,casual,CC0,https://www.inaturalist.org/observations/44206824,https://static.inaturalist.org/photos/70088199/medium.jpeg?1588124022,,新竹市綠園道食物森林,,0,0,true,,新竹市綠園道食物森林,24.8028810602,120.9931431952,5,,,,,,open,false,,,櫸,Zelkova serrata,櫸,Plantae,129055
44206826,2020/04/29 7:23 AM CST,2020-04-29,2020-04-28 23:23:00 UTC,Taipei,2760716,wuulongsheu,2020-04-29 01:39:33 UTC,2020-04-29 01:47:21 UTC,casual,CC0,https://www.inaturalist.org/observations/44206826,https://static.inaturalist.org/photos/70088205/medium.jpeg?1588124026,,新竹市綠園道食物森林,"",0,0,true,,新竹市綠園道食物森林,24.8028810602,120.9931431952,5,,,,,,,false,,,雞冠刺桐,Erythrina crista-galli,雞冠刺桐,Plantae,162718
44206830,2020/04/29 7:23 AM CST,2020-04-29,2020-04-28 23:23:00 UTC,Taipei,2760716,wuulongsheu,2020-04-29 01:39:33 UTC,2020-04-29 01:39:33 UTC,casual,CC0,https://www.inaturalist.org/observations/44206830,https://static.inaturalist.org/photos/70088221/medium.jpeg?1588124030,,新竹市綠園道食物森林,,0,0,true,,新竹市綠園道食物森林,24.8028810602,120.9931431952,5,,,,,,,false,,,蕘花屬,Wikstroemia,蕘花屬,Plantae,83743
44206838,2020/04/29 7:24 AM CST,2020-04-29,2020-04-28 23:24:00 UTC,Taipei,2760716,wuulongsheu,2020-04-29 01:39:36 UTC,2020-04-29 01:48:00 UTC,casual,CC0,https://www.inaturalist.org/observations/44206838,https://static.inaturalist.org/photos/70088245/medium.jpeg?1588124039,,新竹市綠園道食物森林,"",0,0,true,,新竹市綠園道食物森林,24.8028810602,120.9931431952,5,,,,,,,false,,,檸檬,Citrus × limon,檸檬,Plantae,331124
44206839,2020/04/29 7:25 AM CST,2020-04-29,2020-04-28 23:25:00 UTC,Taipei,2760716,wuulongsheu,2020-04-29 01:39:36 UTC,2020-04-29 01:48:32 UTC,casual,CC0,https://www.inaturalist.org/observations/44206839,https://static.inaturalist.org/photos/70088259/medium.jpeg?1588124044,,新竹市綠園道食物森林,"",0,0,true,,新竹市綠園道食物森林,24.8028810602,120.9931431952,5,,,,,,,false,,,檸檬,Citrus × limon,檸檬,Plantae,331124
44206848,2020/04/29 7:26 AM CST,2020-04-29,2020-04-28 23:26:00 UTC,Taipei,2760716,wuulongsheu,2020-04-29 01:39:39 UTC,2020-04-29 01:49:49 UTC,casual,CC0,https://www.inaturalist.org/observations/44206848,https://static.inaturalist.org/photos/70088287/medium.jpeg?1588124052,,新竹市綠園道食物森林,"",0,0,true,,新竹市綠園道食物森林,24.8028810602,120.9931431952,5,,,,,,,false,,,柚子,Citrus maxima,柚子,Plantae,54299
44206851,2020/04/29 7:27 AM CST,2020-04-29,2020-04-28 23:27:00 UTC,Taipei,2760716,wuulongsheu,2020-04-29 01:39:39 UTC,2020-04-29 01:50:23 UTC,casual,CC0,https://www.inaturalist.org/observations/44206851,https://static.inaturalist.org/photos/70088296/medium.jpeg?1588124056,,新竹市綠園道食物森林,"",0,0,true,,新竹市綠園道食物森林,24.8028810602,120.9931431952,5,,,,,,,false,,,柚子,Citrus maxima,柚子,Plantae,54299
44206858,2020/04/29 7:28 AM CST,2020-04-29,2020-04-28 23:28:00 UTC,Taipei,2760716,wuulongsheu,2020-04-29 01:39:42 UTC,2020-04-29 01:51:40 UTC,casual,CC0,https://www.inaturalist.org/observations/44206858,https://static.inaturalist.org/photos/70088317/medium.jpeg?1588124065,,新竹市綠園道食物森林,"",0,0,true,,新竹市綠園道食物森林,24.8028810602,120.9931431952,5,,,,,,,false,,,甘柑屬,Citrus,甘柑屬,Plantae,54297
44206862,2020/04/29 7:28 AM CST,2020-04-29,2020-04-28 23:28:00 UTC,Taipei,2760716,wuulongsheu,2020-04-29 01:39:42 UTC,2020-04-29 01:39:42 UTC,casual,CC0,https://www.inaturalist.org/observations/44206862,https://static.inaturalist.org/photos/70088327/medium.jpeg?1588124071,,新竹市綠園道食物森林,,0,0,true,,新竹市綠園道食物森林,24.8028810602,120.9931431952,5,,,,,,open,false,,,酪梨,Persea americana,酪梨,Plantae,62831
44206863,2020/04/29 7:28 AM CST,2020-04-29,2020-04-28 23:28:00 UTC,Taipei,2760716,wuulongsheu,2020-04-29 01:39:43 UTC,2020-04-29 13:24:44 UTC,casual,CC0,https://www.inaturalist.org/observations/44206863,https://static.inaturalist.org/photos/70088339/medium.jpeg?1588124075,,新竹市綠園道食物森林,"",0,0,true,,新竹市綠園道食物森林,24.8028810602,120.9931431952,5,,,,,,,false,,,火筒樹,,,,
44206867,2020/04/29 7:29 AM CST,2020-04-29,2020-04-28 23:29:00 UTC,Taipei,2760716,wuulongsheu,2020-04-29 01:39:45 UTC,2020-04-29 04:22:18 UTC,casual,CC0,https://www.inaturalist.org/observations/44206867,https://static.inaturalist.org/photos/70088354/medium.jpeg?1588124081,,新竹市綠園道食物森林,"",1,0,true,,新竹市綠園道食物森林,24.802826,120.99306,1,,,,,,open,false,,,龍眼,Dimocarpus longan,龍眼,Plantae,191503
44206872,2020/04/29 7:29 AM CST,2020-04-29,2020-04-28 23:29:00 UTC,Taipei,2760716,wuulongsheu,2020-04-29 01:39:46 UTC,2020-04-29 01:52:34 UTC,casual,CC0,https://www.inaturalist.org/observations/44206872,https://static.inaturalist.org/photos/70088365/medium.jpeg?1588124085,,新竹市綠園道食物森林,"",0,0,true,,新竹市綠園道食物森林,24.8028810602,120.9931431952,5,,,,,,,false,,,芳香萬壽菊,Tagetes lemmonii,芳香萬壽菊,Plantae,169524
44206873,2020/04/29 7:29 AM CST,2020-04-29,2020-04-28 23:29:00 UTC,Taipei,2760716,wuulongsheu,2020-04-29 01:39:46 UTC,2020-04-29 01:52:59 UTC,casual,CC0,https://www.inaturalist.org/observations/44206873,https://static.inaturalist.org/photos/70088377/medium.jpeg?1588124089,,新竹市綠園道食物森林,"",0,0,true,,新竹市綠園道食物森林,24.8028810602,120.9931431952,5,,,,,,,false,,,月橘,Murraya paniculata,月橘,Plantae,287316
44206876,2020/04/29 7:29 AM CST,2020-04-29,2020-04-28 23:29:00 UTC,Taipei,2760716,wuulongsheu,2020-04-29 01:39:48 UTC,2020-04-29 01:53:26 UTC,casual,CC0,https://www.inaturalist.org/observations/44206876,https://static.inaturalist.org/photos/70088395/medium.jpeg?1588124094,,新竹市綠園道食物森林,"",0,0,true,,新竹市綠園道食物森林,24.8028810602,120.9931431952,5,,,,,,,false,,,胡蘿蔔,Daucus carota,,Plantae,76610
44350792,Thu Apr 30 2020 16:53:11 GMT+0800 (GMT+8),2020-04-30,2020-04-30 08:53:11 UTC,Taipei,2760716,wuulongsheu,2020-04-30 08:54:23 UTC,2020-04-30 08:54:32 UTC,casual,CC0,https://www.inaturalist.org/observations/44350792,https://static.inaturalist.org/photos/70317940/medium.jpg?1588236868,,"",,0,0,true,3,"水源街, 東區, TW",24.8029276862,120.9931611745,24,,,,,,open,false,,,空心菜,Ipomoea aquatica,蕹菜,Plantae,164077
44350928,Thu Apr 30 2020 16:56:39 GMT+0800 (GMT+8),2020-04-30,2020-04-30 08:56:39 UTC,Taipei,2760716,wuulongsheu,2020-04-30 08:57:32 UTC,2020-04-30 08:57:43 UTC,needs_id,CC0,https://www.inaturalist.org/observations/44350928,https://static.inaturalist.org/photos/70318281/medium.jpg?1588237059,,"",,0,0,false,3,"水源街, 東區, TW",24.8029102792,120.9931644503,25,,,,,,,false,,,,Dictyoptera aurora,,Insecta,67754
44351026,2020-04-30T16:58:55+08:00,2020-04-30,2020-04-30 08:58:55 UTC,Taipei,2760716,wuulongsheu,2020-04-30 08:59:21 UTC,2020-04-30 09:00:31 UTC,casual,CC0,https://www.inaturalist.org/observations/44351026,https://static.inaturalist.org/photos/70318545/medium.jpg?1588237226,,"",,0,0,true,333,東區,24.8029334643,120.9931186662,76,,,,,,,false,,,,Passiflora edulis,百香果,Plantae,51446
44351588,2020-04-30T17:08:02+08:00,2020-04-30,2020-04-30 09:08:02 UTC,Taipei,2760716,wuulongsheu,2020-04-30 09:08:32 UTC,2020-05-01 11:34:49 UTC,casual,CC0,https://www.inaturalist.org/observations/44351588,https://static.inaturalist.org/photos/70319065/medium.jpeg?1588237718,,"",,1,0,true,333,東區,24.8029655893,120.9931219796,76,,,,,,,false,,,白鶴靈芝,Rhinacanthus nasutus,白鶴靈芝,Plantae,345582
44418336,Fri May 01 2020 06:56:01 GMT+0800 (GMT+8),2020-05-01,2020-04-30 22:56:01 UTC,Taipei,2760716,wuulongsheu,2020-04-30 22:56:22 UTC,2020-04-30 22:56:31 UTC,casual,CC0,https://www.inaturalist.org/observations/44418336,https://static.inaturalist.org/photos/70425088/medium.jpg?1588287387,,"",,0,0,true,3,"新源街, 東區, TW",24.8029580864,120.9931874351,25,,,,,,open,false,,,,Morella rubra,楊梅,Plantae,551083
44418403,Fri May 01 2020 06:56:50 GMT+0800 (GMT+8),2020-05-01,2020-04-30 22:56:50 UTC,Taipei,2760716,wuulongsheu,2020-04-30 22:57:13 UTC,2020-04-30 22:57:22 UTC,casual,CC0,https://www.inaturalist.org/observations/44418403,https://static.inaturalist.org/photos/70425251/medium.jpg?1588287438,,"",,0,0,true,3,"水源街, 東區, TW",24.8029929352,120.9931765409,24,,,,,,open,false,,,,Selenicereus undatus,火龍果 (霸王花),Plantae,1038928
44418571,Fri May 01 2020 06:57:56 GMT+0800 (GMT+8),2020-05-01,2020-04-30 22:57:56 UTC,Taipei,2760716,wuulongsheu,2020-04-30 22:58:52 UTC,2020-04-30 22:59:01 UTC,casual,CC0,https://www.inaturalist.org/observations/44418571,https://static.inaturalist.org/photos/70425464/medium.jpg?1588287537,,"",,0,0,true,3,"水源街, 東區, TW",24.8030474428,120.99313451,25,,,,,,,false,,,,Arachis pintoi,蔓花生,Plantae,327712
44419351,Fri May 01 2020 07:06:44 GMT+0800 (GMT+8),2020-05-01,2020-04-30 23:06:44 UTC,Taipei,2760716,wuulongsheu,2020-04-30 23:07:28 UTC,2020-04-30 23:12:05 UTC,casual,CC0,https://www.inaturalist.org/observations/44419351,https://static.inaturalist.org/photos/70426623/medium.jpg?1588288053,,"",,0,1,true,3,"水源街, 東區, TW",24.8029740693,120.9931426883,24,,,,,,,false,,,,Gynura bicolor,紅鳳菜,Plantae,344577
44419733,Fri May 01 2020 07:08:00 GMT+0800 (GMT+8),2020-05-01,2020-04-30 23:08:00 UTC,Taipei,2760716,wuulongsheu,2020-04-30 23:10:56 UTC,2020-04-30 23:11:05 UTC,casual,CC0,https://www.inaturalist.org/observations/44419733,https://static.inaturalist.org/photos/70427142/medium.jpg?1588288261,,"",,0,0,true,3,"建功一路, 東區, TW",24.8030818591,120.9931535532,27,,,,,,,false,,,,Gynura bicolor,紅鳳菜,Plantae,344577
44420283,Fri May 01 2020 07:13:48 GMT+0800 (GMT+8),2020-05-01,2020-04-30 23:13:48 UTC,Taipei,2760716,wuulongsheu,2020-04-30 23:17:42 UTC,2020-04-30 23:25:03 UTC,casual,CC0,https://www.inaturalist.org/observations/44420283,https://static.inaturalist.org/photos/70428964/medium.jpg?1588289099,,"",皇宮菜,0,0,true,3,"建功一路, 東區, TW",24.8030965242,120.9930986064,29,,,,,,,false,,,,Basella alba,落葵,Plantae,159191
44663189,Sun May 03 2020 07:39:16 GMT+0800 (GMT+8),2020-05-03,2020-05-02 23:39:16 UTC,Taipei,2760716,wuulongsheu,2020-05-02 23:40:22 UTC,2020-05-02 23:40:42 UTC,casual,CC0,https://www.inaturalist.org/observations/44663189,https://static.inaturalist.org/photos/70809158/medium.jpg?1588462838,,"",,0,0,true,3,"水源街, 東區, TW",24.802969267,120.9931266666,26,,,,,,open,false,,,,Ziziphus jujuba,棗,Plantae,428365
44663800,Sun May 03 2020 07:44:12 GMT+0800 (GMT+8),2020-05-03,2020-05-02 23:44:12 UTC,Taipei,2760716,wuulongsheu,2020-05-02 23:45:42 UTC,2020-05-02 23:45:50 UTC,needs_id,CC0,https://www.inaturalist.org/observations/44663800,https://static.inaturalist.org/photos/70810101/medium.jpg?1588463146,,"",,0,0,false,3,"水源街, 東區, TW",24.8029461942,120.9931680779,20,,,,,,,false,,,,Perina nuda,榕透翅毒蛾,Insecta,196983
44664224,Sun May 03 2020 07:48:09 GMT+0800 (GMT+8),2020-05-03,2020-05-02 23:48:09 UTC,Taipei,2760716,wuulongsheu,2020-05-02 23:49:33 UTC,2020-05-02 23:49:47 UTC,needs_id,CC0,https://www.inaturalist.org/observations/44664224,https://static.inaturalist.org/photos/70810923/medium.jpg?1588463384,,"",,0,0,false,3,"新源街, 東區, TW",24.8027234096,120.993132805,26,,,,,,,false,,,,Pouteria campechiana,蛋黃果,Plantae,83585
44664528,Sun May 03 2020 07:51:26 GMT+0800 (GMT+8),2020-05-03,2020-05-02 23:51:26 UTC,Taipei,2760716,wuulongsheu,2020-05-02 23:52:00 UTC,2020-05-02 23:52:24 UTC,casual,CC0,https://www.inaturalist.org/observations/44664528,https://static.inaturalist.org/photos/70811546/medium.jpg?1588463540,,"",,0,0,true,3,"水源街, 東區, TW",24.8029240811,120.9931441942,28,,,,,,open,false,,,,Morella rubra,楊梅,Plantae,551083
44664716,Sun May 03 2020 07:53:01 GMT+0800 (GMT+8),2020-05-03,2020-05-02 23:53:01 UTC,Taipei,2760716,wuulongsheu,2020-05-02 23:53:51 UTC,2020-05-03 11:52:34 UTC,needs_id,CC0,https://www.inaturalist.org/observations/44664716,https://static.inaturalist.org/photos/70811921/medium.jpg?1588463636,,"",,3,0,false,3,"水源街, 東區, TW",24.8030187026,120.9931484964,24,,,,,,,false,,,蛇莓屬,Potentilla,蛇莓屬,Plantae,53186
44664842,Sun May 03 2020 07:54:03 GMT+0800 (GMT+8),2020-05-03,2020-05-02 23:54:03 UTC,Taipei,2760716,wuulongsheu,2020-05-02 23:54:47 UTC,2020-05-02 23:55:11 UTC,casual,CC0,https://www.inaturalist.org/observations/44664842,https://static.inaturalist.org/photos/70812090/medium.jpg?1588463692,,"",,0,0,true,3,"水源街, 東區, TW",24.8029179429,120.9931362426,24,,,,,,open,false,,,,Ficus carica,無花果,Plantae,60218
44664943,Sun May 03 2020 07:55:02 GMT+0800 (GMT+8),2020-05-03,2020-05-02 23:55:02 UTC,Taipei,2760716,wuulongsheu,2020-05-02 23:55:35 UTC,2020-05-02 23:55:53 UTC,casual,CC0,https://www.inaturalist.org/observations/44664943,https://static.inaturalist.org/photos/70812302/medium.jpg?1588463741,,"",,0,0,true,3,"水源街, 東區, TW",24.802927887,120.9931429865,24,,,,,,open,false,,,,Mentha spicata,,Plantae,62652
44666795,Sun May 03 2020 08:09:50 GMT+0800 (GMT+8),2020-05-03,2020-05-03 00:09:50 UTC,Taipei,2760716,wuulongsheu,2020-05-03 00:10:57 UTC,2020-05-03 00:11:21 UTC,casual,CC0,https://www.inaturalist.org/observations/44666795,https://static.inaturalist.org/photos/70815100/medium.jpg?1588464663,,"",,0,0,true,3,"水源街, 東區, TW",24.802991775,120.9931548792,24,,,,,,,false,,,,Sapindus mukorossi,無患子,Plantae,475356
44667987,Sun May 03 2020 08:20:17 GMT+0800 (GMT+8),2020-05-03,2020-05-03 00:20:17 UTC,Taipei,2760716,wuulongsheu,2020-05-03 00:21:06 UTC,2020-05-03 01:17:24 UTC,needs_id,CC0,https://www.inaturalist.org/observations/44667987,https://static.inaturalist.org/photos/70816844/medium.jpg?1588465280,,"",,2,0,false,3,"建功一路, 東區, TW",24.8031210492,120.9929980806,12,,,,,,,false,,,Cyperoideae,Cyperoideae,,Plantae,873509
44668230,Sun May 03 2020 08:21:56 GMT+0800 (GMT+8),2020-05-03,2020-05-03 00:21:56 UTC,Taipei,2760716,wuulongsheu,2020-05-03 00:23:20 UTC,2020-05-03 00:23:35 UTC,needs_id,CC0,https://www.inaturalist.org/observations/44668230,https://static.inaturalist.org/photos/70817163/medium.jpg?1588465411,,"",,0,0,false,3,"水源街, 東區, TW",24.8030283366,120.9931529756,29,,,,,,,false,,,水蔥,,,,
44669223,Sun May 03 2020 08:32:24 GMT+0800 (GMT+8),2020-05-03,2020-05-03 00:32:24 UTC,Taipei,2760716,wuulongsheu,2020-05-03 00:34:09 UTC,2020-05-03 00:57:58 UTC,research,CC0,https://www.inaturalist.org/observations/44669223,https://static.inaturalist.org/photos/70820325/medium.jpg?1588466643,,"",,1,0,false,3,"水源街, 東區, TW",24.8028326097,120.9930457001,25,,,,,,open,false,,,細葉榕,Ficus microcarpa,榕樹,Plantae,54982
44925751,Tue May 05 2020 06:59:58 GMT+0800 (GMT+8),2020-05-05,2020-05-04 22:59:58 UTC,Taipei,2760716,wuulongsheu,2020-05-04 23:00:25 UTC,2020-05-04 23:00:35 UTC,casual,CC0,https://www.inaturalist.org/observations/44925751,https://static.inaturalist.org/photos/71221096/medium.jpg?1588633230,,"",,0,0,true,3,"水源街, 東區, TW",24.8030029137,120.9931294755,24,,,,,,,false,,,,Coffea arabica,咖啡樹,Plantae,64342
44925985,Tue May 05 2020 07:01:28 GMT+0800 (GMT+8),2020-05-05,2020-05-04 23:01:28 UTC,Taipei,2760716,wuulongsheu,2020-05-04 23:03:05 UTC,2020-05-04 23:03:18 UTC,casual,CC0,https://www.inaturalist.org/observations/44925985,https://static.inaturalist.org/photos/71221486/medium.jpg?1588633389,,"",,0,0,true,3,"水源街, 東區, TW",24.8029117515,120.9931577331,39,,,,,,,false,,,巧克力薄荷,,,,
44926121,Tue May 05 2020 07:03:36 GMT+0800 (GMT+8),2020-05-05,2020-05-04 23:03:36 UTC,Taipei,2760716,wuulongsheu,2020-05-04 23:04:17 UTC,2020-05-04 23:04:25 UTC,casual,CC0,https://www.inaturalist.org/observations/44926121,https://static.inaturalist.org/photos/71221696/medium.jpg?1588633461,,"",,0,0,true,3,"水源街, 東區, TW",24.8029894289,120.9931394961,24,,,,,,open,false,,,,Houttuynia cordata,魚腥草,Plantae,157642
44926312,Tue May 05 2020 07:05:31 GMT+0800 (GMT+8),2020-05-05,2020-05-04 23:05:31 UTC,Taipei,2760716,wuulongsheu,2020-05-04 23:06:22 UTC,2020-05-04 23:06:31 UTC,casual,CC0,https://www.inaturalist.org/observations/44926312,https://static.inaturalist.org/photos/71222041/medium.jpg?1588633588,,"",,0,0,true,3,"水源街, 東區, TW",24.8029876375,120.9931716545,24,,,,,,,false,,,,Litchi chinensis,荔枝,Plantae,223964
44926939,Tue May 05 2020 07:11:55 GMT+0800 (GMT+8),2020-05-05,2020-05-04 23:11:55 UTC,Taipei,2760716,wuulongsheu,2020-05-04 23:12:59 UTC,2020-05-06 02:08:43 UTC,needs_id,CC0,https://www.inaturalist.org/observations/44926939,https://static.inaturalist.org/photos/71223068/medium.jpg?1588633985,,"",,1,0,false,3,"水源街, 東區, TW",24.8029806609,120.9931425786,24,,,,,,,false,,,Ray-finned Fishes,Actinopterygii,輻鰭魚綱,Actinopterygii,47178
44927170,Tue May 05 2020 07:15:01 GMT+0800 (GMT+8),2020-05-05,2020-05-04 23:15:01 UTC,Taipei,2760716,wuulongsheu,2020-05-04 23:15:37 UTC,2020-05-05 09:13:59 UTC,research,CC0,https://www.inaturalist.org/observations/44927170,https://static.inaturalist.org/photos/71223914/medium.jpg?1588634278,,"",,4,1,false,3,"水源街, 東區, TW",24.8030004021,120.9931635758,24,,,,,,open,false,,,樹鵲,Dendrocitta formosae,樹鵲,Aves,8306
44927672,Tue May 05 2020 07:19:47 GMT+0800 (GMT+8),2020-05-05,2020-05-04 23:19:47 UTC,Taipei,2760716,wuulongsheu,2020-05-04 23:20:50 UTC,2020-05-05 03:51:41 UTC,research,CC0,https://www.inaturalist.org/observations/44927672,https://static.inaturalist.org/photos/71224381/medium.jpg?1588634455,,"",,2,0,false,3,"建功一路, 東區, TW",24.8030682531,120.9931503847,24,,,,,,open,false,,,黑眶蟾蜍,Duttaphrynus melanostictus,黑眶蟾蜍,Amphibia,62345
